<?xml version="1.0"?>
<data grt_format="2.0">
  <value _ptr_="000001EBA034E080" type="list" content-type="object" content-struct-name="db.mgmt.Connection">
    <value type="object" struct-name="db.mgmt.Connection" id="{A4FFF7F6-1A7A-4524-B914-82A8AE831F8A}" struct-checksum="0x96ba47d8">
      <link type="object" struct-name="db.mgmt.Driver" key="driver">com.mysql.rdbms.mysql.driver.native</link>
      <value type="string" key="hostIdentifier">Mysql@localhost:3306</value>
      <value type="int" key="isDefault">1</value>
      <value _ptr_="000001EBA15B97F0" type="dict" key="modules"/>
      <value _ptr_="000001EBA15B9F70" type="dict" key="parameterValues">
        <value type="string" key=""></value>
        <value type="string" key="DbSqlEditor:LastDefaultSchema">sys</value>
        <value type="int" key="OPT_READ_TIMEOUT">300</value>
        <value type="string" key="SQL_MODE"></value>
        <value type="string" key="hostName">localhost</value>
        <value type="int" key="lastConnected">1752509393</value>
        <value type="string" key="password"></value>
        <value type="int" key="port">3306</value>
        <value type="string" key="schema"></value>
        <value type="string" key="serverVersion">8.0.34</value>
        <value type="string" key="sslCA"></value>
        <value type="string" key="sslCert"></value>
        <value type="string" key="sslCipher"></value>
        <value type="string" key="sslKey"></value>
        <value type="int" key="useSSL">0</value>
        <value type="string" key="userName">root</value>
      </value>
      <value type="string" key="name">Elisabeth</value>
      <link type="object" struct-name="GrtObject" key="owner">{5B7A61CE-058E-4E6F-9103-6AF0EFF60406}</link>
    </value>
  </value>
</data>
