<?xml version="1.0"?>
<data grt_format="2.0">
  <value _ptr_="0000020A60D9DDB0" type="list" content-type="object" content-struct-name="db.mgmt.ServerInstance">
    <value type="object" struct-name="db.mgmt.ServerInstance" id="{4E0FCA24-9841-4D29-97E8-F16699BE2C01}" struct-checksum="0x367436e2">
      <link type="object" struct-name="db.mgmt.Connection" key="connection">{A4FFF7F6-1A7A-4524-B914-82A8AE831F8A}</link>
      <value _ptr_="0000020A612069D0" type="dict" key="loginInfo">
        <value type="string" key="wmi.hostName"></value>
        <value type="string" key="wmi.userName"></value>
      </value>
      <value _ptr_="0000020A61206010" type="dict" key="serverInfo">
        <value type="string" key="basedir">C:\Program Files\MySQL\MySQL Server 8.0\</value>
        <value type="string" key="datadir">C:\ProgramData\MySQL\MySQL Server 8.0\Data\</value>
        <value type="string" key="detected_os_name">Windows 10 Home</value>
        <value type="string" key="detected_os_type">windows</value>
        <value type="string" key="detected_os_variant">Windows</value>
        <value type="string" key="detected_os_version">Microsoft Windows [Version 10.0.26100.4652]</value>
        <value type="string" key="errorLogFilePath">MSI.err</value>
        <value type="string" key="generalLogFilePath">MSI.log</value>
        <value type="string" key="serverVersion">8.0.34</value>
        <value type="int" key="setupPending">0</value>
        <value type="int" key="slowLogEnabled">1</value>
        <value type="string" key="slowLogFilePath">MSI-slow.log</value>
        <value type="string" key="sys.config.path">C:\ProgramData\MySQL\MySQL Server 8.0\my.ini</value>
        <value type="int" key="sys.config.path.lock">1</value>
        <value type="string" key="sys.config.section">mysqld</value>
        <value type="string" key="sys.mysqld.service_name">MySQL80</value>
        <value type="string" key="sys.preset">Custom</value>
        <value type="string" key="sys.sudo"></value>
        <value type="string" key="sys.system">Windows</value>
        <value type="int" key="sys.usesudo">1</value>
        <value type="int" key="sys.usesudostatus">0</value>
        <value type="int" key="windowsAdmin">1</value>
      </value>
      <value type="string" key="name">Elisabeth</value>
    </value>
  </value>
</data>
